{
  "alias" : "Arc01_Arc01_DarkBrown",
  "vertices" : [-0.005567,0.111237,-0.097962,-0.010809,0.10922,-0.092871,-0.005567,0.107204,-0.08778,-0.000326,0.10922,-0.092871,-0.005567,0.08545,-0.096093,-0.010809,0.08818,-0.091346,-0.005567,0.09091,-0.086599,-0.000326,0.08818,-0.091346,-0.005567,0.074807,-0.079676,-0.00945,0.077945,-0.077299,-0.005567,0.081083,-0.074922,-0.001685,0.077945,-0.077299,-0.009062,0.098264,-0.098128,-0.009062,0.098769,-0.091157,-0.002073,0.098769,-0.091157,-0.002073,0.098264,-0.098128,-0.009062,0.078388,-0.085668,-0.009062,0.083674,-0.080701,-0.002073,0.083674,-0.080701,-0.002073,0.078388,-0.085668,-0.005567,0.075476,-0.072591,-0.009062,0.110565,-0.096265,-0.009062,0.107876,-0.089477,-0.002073,0.107876,-0.089477,-0.002073,0.110565,-0.096265,-0.005567,0.098137,-0.099871,-0.009062,0.08636,-0.094511,-0.010809,0.098516,-0.094643,-0.009062,0.09,-0.088181,-0.005567,0.098895,-0.089415,-0.002073,0.09,-0.088181,-0.000326,0.098516,-0.094643,-0.002073,0.08636,-0.094511,-0.005567,0.077066,-0.08691,-0.008188,0.074657,-0.076672,-0.010809,0.081031,-0.083185,-0.008188,0.079073,-0.073807,-0.005567,0.084996,-0.079459,-0.002946,0.079073,-0.073807,-0.000326,0.081031,-0.083185,-0.002946,0.074657,-0.076672],
  "indices" : [0,12,21,0,25,12,26,12,25,25,4,26,12,26,5,5,27,12,21,12,27,27,1,21,13,22,1,1,27,13,28,13,27,27,5,28,13,28,6,6,29,13,22,13,29,29,2,22,14,23,2,2,29,14,30,14,29,29,6,30,14,30,7,7,31,14,23,14,31,31,3,23,15,24,3,3,31,15,32,15,31,31,7,32,15,32,4,4,25,15,24,15,25,25,0,24,16,26,4,4,33,16,34,16,33,33,8,34,16,34,9,9,35,16,26,16,35,35,5,26,17,28,5,5,35,17,36,17,35,35,9,36,17,36,10,10,37,17,28,17,37,37,6,28,18,30,6,6,37,18,38,18,37,37,10,38,18,38,11,11,39,18,30,18,39,39,7,30,19,32,7,7,39,19,40,19,39,39,11,40,19,40,8,8,33,19,32,19,33,33,4,32,20,34,8,8,40,20,38,20,40,40,11,38,20,38,10,10,36,20,34,20,36,36,9,34],
  "Ni" : 1.00000,
  "Ka" : [0.00000,0.00000,0.00000],
  "d" : 1.00000,
  "Kd" : [0.02031,0.00861,0.00147],
  "illum" : 1,
  "Ks" : [0.00000,0.00000,0.00000],
  "Ns" : 96.07843
}