{
  "alias" : "Object05_Object05_body",
  "vertices" : [-0.030107,0.668031,-0.450213,-0.051104,0.653094,-0.435045,-0.030107,0.638158,-0.419877,-0.00911,0.653094,-0.435045,-0.049005,0.644198,-0.479485,-0.049005,0.619782,-0.448779,-0.011209,0.619782,-0.448779,-0.011209,0.644198,-0.479485,-0.030107,0.665828,-0.421874,-0.030107,0.650302,-0.487162,-0.058453,0.63199,-0.464132,-0.04428,0.671181,-0.434252,-0.030107,0.613678,-0.441102,-0.04428,0.649781,-0.415478,-0.00176,0.63199,-0.464132,-0.015934,0.649781,-0.415478,-0.015934,0.671181,-0.434252,-0.030107,0.598276,-0.529762,-0.058453,0.58737,-0.50223,-0.030107,0.576463,-0.474699,-0.00176,0.58737,-0.50223,-0.049005,0.59464,-0.520585,-0.049005,0.580099,-0.483876,-0.011209,0.580099,-0.483876,-0.011209,0.59464,-0.520585],
  "indices" : [0,4,11,0,9,4,21,4,9,9,17,21,4,21,18,18,10,4,11,4,10,10,1,11,5,13,1,1,10,5,22,5,10,10,18,22,5,22,19,19,12,5,13,5,12,12,2,13,6,15,2,2,12,6,23,6,12,12,19,23,6,23,20,20,14,6,15,6,14,14,3,15,7,16,3,3,14,7,24,7,14,14,20,24,7,24,17,17,9,7,16,7,9,9,0,16,0,8,16,0,11,8,13,8,11,11,1,13,8,13,2,2,15,8,16,8,15,15,3,16],
  "Ni" : 1.00000,
  "Ka" : [0.00000,0.00000,0.00000],
  "d" : 1.00000,
  "Kd" : [0.64000,0.64000,0.64000],
  "illum" : 2,
  "Ks" : [0.50000,0.50000,0.50000],
  "Ns" : 96.07843
}