{
  "alias" : "Arc01_Arc01_Rat_textile_2",
  "vertices" : [-0.030107,0.598276,-0.529762,-0.058453,0.58737,-0.50223,-0.030107,0.576463,-0.474699,-0.00176,0.58737,-0.50223,-0.030107,0.458824,-0.519654,-0.058453,0.473587,-0.493983,-0.030107,0.48835,-0.468312,-0.00176,0.473587,-0.493983,-0.030107,0.40127,-0.430877,-0.051104,0.418238,-0.418022,-0.030107,0.435206,-0.405166,-0.00911,0.418238,-0.418022,-0.049005,0.528118,-0.53066,-0.049005,0.530851,-0.492964,-0.011209,0.530851,-0.492964,-0.011209,0.528118,-0.53066,-0.049005,0.420633,-0.46328,-0.049005,0.449222,-0.436416,-0.011209,0.449222,-0.436416,-0.011209,0.420633,-0.46328,-0.030107,0.404887,-0.39256,-0.049005,0.59464,-0.520585,-0.049005,0.580099,-0.483876,-0.011209,0.580099,-0.483876,-0.011209,0.59464,-0.520585,-0.030107,0.527435,-0.540084,-0.049005,0.463745,-0.511097,-0.058453,0.529485,-0.511812,-0.049005,0.483429,-0.476869,-0.030107,0.531534,-0.48354,-0.011209,0.483429,-0.476869,-0.00176,0.529485,-0.511812,-0.011209,0.463745,-0.511097,-0.030107,0.413485,-0.469996,-0.04428,0.400455,-0.414628,-0.058453,0.434927,-0.449848,-0.04428,0.424339,-0.399136,-0.030107,0.456369,-0.4297,-0.015934,0.424339,-0.399136,-0.00176,0.434927,-0.449848,-0.015934,0.400455,-0.414628],
  "indices" : [0,12,21,0,25,12,26,12,25,25,4,26,12,26,5,5,27,12,21,12,27,27,1,21,13,22,1,1,27,13,28,13,27,27,5,28,13,28,6,6,29,13,22,13,29,29,2,22,14,23,2,2,29,14,30,14,29,29,6,30,14,30,7,7,31,14,23,14,31,31,3,23,15,24,3,3,31,15,32,15,31,31,7,32,15,32,4,4,25,15,24,15,25,25,0,24,16,26,4,4,33,16,34,16,33,33,8,34,16,34,9,9,35,16,26,16,35,35,5,26,17,28,5,5,35,17,36,17,35,35,9,36,17,36,10,10,37,17,28,17,37,37,6,28,18,30,6,6,37,18,38,18,37,37,10,38,18,38,11,11,39,18,30,18,39,39,7,30,19,32,7,7,39,19,40,19,39,39,11,40,19,40,8,8,33,19,32,19,33,33,4,32,20,34,8,8,40,20,38,20,40,40,11,38,20,38,10,10,36,20,34,20,36,36,9,34],
  "Ni" : 1.00000,
  "Ka" : [0.00000,0.00000,0.00000],
  "d" : 1.00000,
  "Kd" : [0.17882,0.17882,0.17882],
  "illum" : 2,
  "Ks" : [0.07647,0.07647,0.07647],
  "Ns" : 96.07843
}