{
  "alias" : "Object05_Object05_light",
  "vertices" : [-0.005567,0.124136,-0.083252,-0.00945,0.121374,-0.080447,-0.005567,0.118612,-0.077643,-0.001685,0.121374,-0.080447,-0.009062,0.119729,-0.088665,-0.009062,0.115214,-0.082987,-0.002073,0.115214,-0.082987,-0.002073,0.119729,-0.088665,-0.005567,0.123729,-0.078012,-0.005567,0.120858,-0.090085,-0.010809,0.117471,-0.085826,-0.008188,0.124718,-0.080301,-0.005567,0.114085,-0.081567,-0.008188,0.120761,-0.076829,-0.000326,0.117471,-0.085826,-0.002946,0.120761,-0.076829,-0.002946,0.124718,-0.080301,-0.005567,0.111237,-0.097962,-0.010809,0.10922,-0.092871,-0.005567,0.107204,-0.08778,-0.000326,0.10922,-0.092871,-0.009062,0.110565,-0.096265,-0.009062,0.107876,-0.089477,-0.002073,0.107876,-0.089477,-0.002073,0.110565,-0.096265],
  "indices" : [0,4,11,0,9,4,21,4,9,9,17,21,4,21,18,18,10,4,11,4,10,10,1,11,5,13,1,1,10,5,22,5,10,10,18,22,5,22,19,19,12,5,13,5,12,12,2,13,6,15,2,2,12,6,23,6,12,12,19,23,6,23,20,20,14,6,15,6,14,14,3,15,7,16,3,3,14,7,24,7,14,14,20,24,7,24,17,17,9,7,16,7,9,9,0,16,0,8,16,0,11,8,13,8,11,11,1,13,8,13,2,2,15,8,16,8,15,15,3,16],
  "Ni" : 1.00000,
  "Ka" : [0.00000,0.00000,0.00000],
  "d" : 1.00000,
  "Kd" : [0.64000,0.46196,0.32705],
  "illum" : 2,
  "Ks" : [0.03497,0.03497,0.03497],
  "Ns" : 96.07843
}