{
  "alias" : "Cube.001_Cube.001_Material.006",
  "vertices" : [-0.643106,0.717687,5.338305,-1.317423,0.717687,5.983841,-1.03763,0.717687,5.71599,-0.607157,0.784538,5.375857,-1.281473,0.784538,6.021394,-1.00168,0.784538,5.753542,-0.605819,0.675756,5.377254,-1.280136,0.675756,6.02279,-1.000343,0.675756,5.754939,-0.56987,0.742607,5.414807,-1.244186,0.742607,6.060343,-0.964393,0.742607,5.792492,-1.359392,0.717687,6.024019,-1.323442,0.784538,6.061571,-1.322105,0.675756,6.062968,-1.286155,0.742607,6.100521,-0.601137,0.717687,5.298127,-0.565188,0.784538,5.33568,-0.56385,0.675756,5.337077,-0.527901,0.742607,5.374629,-0.656968,-0.077353,5.351575,-1.331284,-0.077353,5.99711,-0.656968,0.697317,5.351575,-1.331284,0.697317,5.99711,-0.656968,0.309982,5.351575,-1.051491,0.697317,5.729259,-1.331284,0.309982,5.99711,-1.051491,-0.077353,5.729259,-1.051491,0.309982,5.729259,-1.373253,0.697317,6.037288,-0.614999,0.697317,5.311397,-0.518086,0.66018,4.892575,-1.178808,0.717687,4.778719,-1.853125,0.717687,5.424255,-0.910957,1.018899,5.058512,-1.573332,0.717687,5.156404,-1.585274,1.018899,5.704048,-1.214758,0.784538,4.741167,-1.889075,0.784538,5.386703,-0.910957,1.08575,5.058512,-1.609282,0.784538,5.118852,-1.585274,1.08575,5.704048,-1.305481,1.08575,5.436197,-1.216095,0.675756,4.73977,-1.890412,0.675756,5.385306,-1.610619,0.675756,5.117455,-1.252045,0.742607,4.702217,-1.926362,0.742607,5.347753,-1.646569,0.742607,5.079902,-1.895094,0.717687,5.464433,-1.627243,1.018899,5.744226,-1.931044,0.784538,5.42688,-1.627243,1.08575,5.744226,-1.932381,0.675756,5.425483,-1.968331,0.742607,5.387931,-1.136839,0.717687,4.738542,-0.868988,1.018899,5.018334,-1.172789,0.784538,4.700989,-0.868988,1.08575,5.018334,-1.174126,0.675756,4.699592,-1.210076,0.742607,4.66204,-1.19267,-0.077353,4.791989,-1.866986,-0.077353,5.437525,-1.19267,0.697317,4.791989,-1.866986,0.697317,5.437525,-0.924819,0.998529,5.071782,-1.19267,0.309982,4.791989,-0.924819,-0.077353,5.071782,-1.587193,0.697317,5.169674,-1.866986,0.309982,5.437525,-1.587193,-0.077353,5.169674,-1.599135,0.998529,5.717318,-1.599135,-0.077353,5.717318,-0.924819,0.309982,5.071782,-1.587193,0.309982,5.169674,-1.599135,0.309982,5.717318,-1.319342,-0.077353,5.449467,-1.908955,0.697317,5.477703,-1.641104,0.998529,5.757495,-1.150701,0.697317,4.751811,-0.88285,0.998529,5.031604,-0.728053,0.66018,4.673247],
  "indices" : [10,4,15,6,0,16,4,5,42,5,3,39,3,9,17,2,0,8,8,6,9,7,8,11,3,5,11,36,1,50,5,4,10,1,2,7,50,12,52,13,12,14,1,7,12,7,10,15,4,41,13,16,17,18,16,56,17,39,3,17,9,6,18,0,34,16,47,54,51,43,59,32,38,41,40,40,42,37,37,57,46,35,45,43,45,48,43,44,47,45,37,46,40,36,50,33,40,48,38,33,44,45,50,52,49,51,54,53,33,49,44,44,53,54,38,51,41,55,59,60,55,57,56,39,58,37,46,60,59,32,55,56,4,13,15,18,6,16,41,4,42,42,5,39,9,19,17,0,6,8,11,8,9,10,7,11,9,3,11,1,12,50,11,5,10,2,8,7,12,13,52,15,13,14,7,14,12,14,7,15,41,52,13,17,19,18,56,58,17,58,39,17,19,9,18,34,56,16,38,47,51,59,55,32,41,42,40,42,39,37,57,60,46,32,35,43,48,46,43,47,48,45,46,48,40,50,49,33,48,47,38,35,33,45,52,51,49,49,51,53,49,53,44,47,44,54,51,52,41,57,55,60,57,58,56,58,57,37,43,46,59,34,32,56],
  "Ni" : 1.00000,
  "Ka" : [0.00000,0.00000,0.00000],
  "d" : 1.00000,
  "Kd" : [0.02954,0.03362,0.01351],
  "illum" : 2,
  "Ks" : [0.50000,0.50000,0.50000],
  "Ns" : 96.07843
}