{
  "alias" : "Object05_Object05_Leather_besh1",
  "vertices" : [-0.036585,0.030965,-0.054357,-0.038976,0.030492,-0.05198,-0.036585,0.03002,-0.049603,-0.034195,0.030492,-0.05198,-0.038737,0.026867,-0.055651,-0.038737,0.026465,-0.051203,-0.034434,0.026465,-0.051203,-0.034434,0.026867,-0.055651,-0.036585,0.032527,-0.051523,-0.036585,0.026968,-0.056763,-0.039812,0.026666,-0.053427,-0.038199,0.032262,-0.053035,-0.036585,0.026364,-0.050091,-0.038199,0.031401,-0.049911,-0.033359,0.026666,-0.053427,-0.034972,0.031401,-0.049911,-0.034972,0.032262,-0.053035,-0.036585,0.019355,-0.057562,-0.039812,0.020039,-0.054261,-0.036585,0.020723,-0.05096,-0.033359,0.020039,-0.054261,-0.038737,0.019583,-0.056462,-0.038737,0.020495,-0.052061,-0.034434,0.020495,-0.052061,-0.034434,0.019583,-0.056462],
  "indices" : [0,4,11,0,9,4,21,4,9,9,17,21,4,21,18,18,10,4,11,4,10,10,1,11,5,13,1,1,10,5,22,5,10,10,18,22,5,22,19,19,12,5,13,5,12,12,2,13,6,15,2,2,12,6,23,6,12,12,19,23,6,23,20,20,14,6,15,6,14,14,3,15,7,16,3,3,14,7,24,7,14,14,20,24,7,24,17,17,9,7,16,7,9,9,0,16,0,8,16,0,11,8,13,8,11,11,1,13,8,13,2,2,15,8,16,8,15,15,3,16],
  "Ni" : 1.00000,
  "Ka" : [0.00000,0.00000,0.00000],
  "d" : 1.00000,
  "Kd" : [0.79686,0.76549,0.68392],
  "illum" : 2,
  "Ks" : [0.03922,0.03922,0.03922],
  "Ns" : 96.07843
}