{
  "alias" : "Arc01_Arc01_White",
  "vertices" : [-0.035561,0.019355,-0.057562,-0.038788,0.020039,-0.054261,-0.035561,0.020723,-0.05096,-0.032334,0.020039,-0.054261,-0.035561,0.006722,-0.047881,-0.038788,0.009731,-0.046362,-0.035561,0.012741,-0.044843,-0.032334,0.009731,-0.046362,-0.035561,0.006798,-0.035837,-0.037951,0.009216,-0.035675,-0.035561,0.011634,-0.035513,-0.033171,0.009216,-0.035675,-0.037712,0.012625,-0.053261,-0.037712,0.015242,-0.049846,-0.03341,0.015242,-0.049846,-0.03341,0.012625,-0.053261,-0.037712,0.006614,-0.04013,-0.037712,0.011013,-0.039362,-0.03341,0.011013,-0.039362,-0.03341,0.006614,-0.04013,-0.035561,0.009538,-0.032418,-0.037712,0.019583,-0.056462,-0.037712,0.020495,-0.052061,-0.03341,0.020495,-0.052061,-0.03341,0.019583,-0.056462,-0.035561,0.011971,-0.054114,-0.037712,0.007725,-0.047375,-0.038788,0.013934,-0.051553,-0.037712,0.011738,-0.045349,-0.035561,0.015897,-0.048992,-0.03341,0.011738,-0.045349,-0.032334,0.013934,-0.051553,-0.03341,0.007725,-0.047375,-0.035561,0.005514,-0.040322,-0.037174,0.007737,-0.034241,-0.038788,0.008814,-0.039746,-0.037174,0.010977,-0.03426,-0.035561,0.012113,-0.03917,-0.033948,0.010977,-0.03426,-0.032334,0.008814,-0.039746,-0.033948,0.007737,-0.034241],
  "indices" : [0,12,21,0,25,12,26,12,25,25,4,26,12,26,5,5,27,12,21,12,27,27,1,21,13,22,1,1,27,13,28,13,27,27,5,28,13,28,6,6,29,13,22,13,29,29,2,22,14,23,2,2,29,14,30,14,29,29,6,30,14,30,7,7,31,14,23,14,31,31,3,23,15,24,3,3,31,15,32,15,31,31,7,32,15,32,4,4,25,15,24,15,25,25,0,24,16,26,4,4,33,16,34,16,33,33,8,34,16,34,9,9,35,16,26,16,35,35,5,26,17,28,5,5,35,17,36,17,35,35,9,36,17,36,10,10,37,17,28,17,37,37,6,28,18,30,6,6,37,18,38,18,37,37,10,38,18,38,11,11,39,18,30,18,39,39,7,30,19,32,7,7,39,19,40,19,39,39,11,40,19,40,8,8,33,19,32,19,33,33,4,32,20,34,8,8,40,20,38,20,40,40,11,38,20,38,10,10,36,20,34,20,36,36,9,34],
  "Ni" : 1.00000,
  "Ka" : [0.00000,0.00000,0.00000],
  "d" : 1.00000,
  "Kd" : [0.79686,0.76549,0.68392],
  "illum" : 1,
  "Ks" : [0.00000,0.00000,0.00000],
  "Ns" : 96.07843
}