{
  "alias" : "Cube_Cube_Material",
  "vertices" : [1.0,-1.0,-1.0,1.0,-1.0,1.0,-1.0,-1.0,1.0,-1.0,-1.0,-1.0,1.0,1.0,-0.999999,0.999999,1.0,1.000001,-1.0,1.0,1.0,-1.0,1.0,-1.0],
  "indices" : [0,1,2,4,7,6,0,4,5,1,5,2,2,6,3,4,0,3,3,0,2,5,4,6,1,0,5,5,6,2,6,7,3,7,4,3],
  "texture_coords" : [1,2,3,4,5,6,1,7,8,2,8,9,3,6,10,7,1,11,10,1,3,12,4,6,2,1,8,8,13,9,6,5,10,14,7,11],
  "Ni" : 1.00000,
  "Ka" : [0.00000,0.00000,0.00000],
  "d" : 1.00000,
  "Kd" : [0.64000,0.64000,0.64000],
  "illum" : 2,
  "Ks" : [0.50000,0.50000,0.50000],
  "Ns" : 96.07843,
  "map_Kd" : "brick.jpg"
}