{
  "alias" : "Mesh7_Mesh7_LightGreen",
  "vertices" : [0.042652,0.069558,-0.006259,0.042959,0.069586,-0.00617,0.043313,0.068415,-0.007582,0.043595,0.06841,-0.007418,0.044416,0.068185,-0.008829,0.044582,0.068131,-0.008535,0.046925,0.068188,-0.009005,0.046881,0.068256,-0.009343,0.049388,0.068804,-0.009487,0.049301,0.068737,-0.009156,0.050723,0.070051,-0.008335,0.050503,0.070003,-0.008069,0.051379,0.0711,-0.007384,0.05113,0.071071,-0.007147,0.050594,0.068566,-0.008802,0.051124,0.068071,-0.008382,0.049376,0.066832,-0.009134,0.049406,0.066316,-0.008975,0.04328,0.068327,-0.007569,0.044406,0.068094,-0.008864,0.04336,0.067198,-0.00726,0.044684,0.066202,-0.008483,0.046897,0.068167,-0.009391,0.049439,0.068721,-0.009521,0.047176,0.066069,-0.009195,0.049372,0.067348,-0.009261,0.051446,0.071026,-0.007377,0.050797,0.069977,-0.00834,0.042612,0.069483,-0.006214,0.044992,0.065699,-0.008328,0.047284,0.065629,-0.009111,0.047431,0.065333,-0.008892,0.051151,0.070992,-0.007094,0.050534,0.06992,-0.008022,0.049334,0.06864,-0.009127,0.046949,0.068086,-0.008988,0.044605,0.068029,-0.008514,0.043618,0.068321,-0.007373,0.042978,0.069516,-0.006108,0.043312,0.068415,0.007585,0.043595,0.06841,0.007421,0.042652,0.069558,0.006261,0.042959,0.069586,0.006172,0.044415,0.068185,0.008831,0.044582,0.068131,0.008538,0.046881,0.068255,0.009345,0.046925,0.068188,0.009008,0.049388,0.068804,0.009489,0.0493,0.068736,0.009159,0.050723,0.070051,0.008338,0.050502,0.070003,0.008072,0.051379,0.0711,0.007386,0.051129,0.071071,0.00715,0.049375,0.066831,0.009136,0.049405,0.066316,0.008978,0.050593,0.068566,0.008805,0.051124,0.068071,0.008385,0.04336,0.067198,0.007263,0.044684,0.066202,0.008485,0.04328,0.068327,0.007571,0.044405,0.068094,0.008866,0.047176,0.066069,0.009198,0.049371,0.067348,0.009263,0.046896,0.068167,0.009394,0.049438,0.068721,0.009524,0.050797,0.069977,0.008342,0.051446,0.071026,0.007379,0.042611,0.069483,0.006216,0.044992,0.065699,0.00833,0.047283,0.065629,0.009113,0.047431,0.065333,0.008895,0.050534,0.06992,0.008025,0.05115,0.070992,0.007096,0.049334,0.06864,0.00913,0.046949,0.068086,0.008991,0.044604,0.068029,0.008517,0.043617,0.068321,0.007376,0.042978,0.069516,0.00611],
  "indices" : [0,1,2,3,2,1,2,3,4,5,4,3,5,6,4,7,4,6,7,6,8,9,8,6,8,9,10,11,10,9,10,11,12,13,12,11,14,15,16,17,16,15,18,19,20,21,20,19,22,23,24,25,24,23,26,15,27,14,27,15,20,28,18,21,29,20,30,31,21,29,21,31,16,17,30,31,30,17,25,23,14,27,14,23,19,22,21,24,21,22,32,13,33,11,33,13,33,11,34,9,34,11,34,9,35,6,35,9,35,6,36,5,36,6,36,5,37,3,37,5,37,3,38,1,38,3,38,1,28,0,28,1,28,0,18,0,2,18,18,2,19,4,19,2,19,4,22,7,22,4,22,7,23,8,23,7,23,8,27,10,27,8,27,10,26,12,26,10,39,40,41,42,41,40,43,44,39,40,39,44,43,45,44,46,44,45,47,48,45,46,45,48,49,50,47,48,47,50,51,52,49,50,49,52,53,54,55,56,55,54,57,58,59,60,59,58,61,62,63,64,63,62,65,55,66,56,66,55,59,67,57,57,68,58,58,68,69,70,69,68,69,70,53,54,53,70,55,65,62,64,62,65,58,61,60,63,60,61,71,50,72,52,72,50,73,48,71,50,71,48,74,46,73,48,73,46,75,44,74,46,74,44,76,40,75,44,75,40,77,42,76,40,76,42,67,41,77,42,77,41,59,39,67,41,67,39,60,43,59,39,59,43,63,45,60,43,60,45,64,47,63,45,63,47,65,49,64,47,64,49,66,51,65,49,65,51,30,24,16,25,16,24,21,24,30,14,16,25,53,62,69,61,69,62,69,61,58,62,53,55],
  "Ni" : 1.00000,
  "Ka" : [0.00000,0.00000,0.00000],
  "d" : 1.00000,
  "Kd" : [0.00699,0.05344,0.00000],
  "illum" : 2,
  "Ks" : [0.90380,1.00000,0.00000],
  "Ns" : 96.07843
}