{
  "alias" : "Mesh5_Mesh5_Black",
  "vertices" : [0.045946,0.07172,-0.007634,0.044983,0.071392,-0.007718,0.044882,0.071344,-0.00748,0.045346,0.07145,-0.007948,0.045873,0.071502,-0.008108,0.046423,0.071536,-0.008155,0.046849,0.071541,-0.008076,0.047037,0.071516,-0.007893,0.044304,0.070572,-0.007885,0.044129,0.07049,-0.007472,0.044932,0.070672,-0.008283,0.045845,0.070763,-0.008559,0.046798,0.070821,-0.00864,0.047536,0.07083,-0.008504,0.047861,0.070787,-0.008187,0.044091,0.06948,-0.008089,0.043889,0.069385,-0.007612,0.044817,0.069596,-0.008548,0.045871,0.069701,-0.008868,0.046971,0.069767,-0.008961,0.047823,0.069777,-0.008803,0.048199,0.069728,-0.008437,0.044402,0.068409,-0.008275,0.044227,0.068326,-0.007862,0.04503,0.068509,-0.008673,0.045943,0.0686,-0.00895,0.046896,0.068658,-0.009031,0.047634,0.068666,-0.008894,0.047959,0.068624,-0.008577,0.045152,0.067645,-0.008395,0.045051,0.067597,-0.008156,0.045515,0.067703,-0.008625,0.046042,0.067755,-0.008784,0.046592,0.067788,-0.008831,0.047018,0.067793,-0.008752,0.047206,0.067769,-0.008569,0.046142,0.067393,-0.008415,0.044882,0.071344,0.007482,0.044983,0.071392,0.007721,0.045946,0.07172,0.007637,0.045345,0.07145,0.007951,0.045872,0.071502,0.00811,0.046423,0.071536,0.008157,0.046849,0.071541,0.008078,0.047036,0.071516,0.007895,0.044129,0.070489,0.007474,0.044304,0.070572,0.007887,0.044932,0.070672,0.008285,0.045845,0.070763,0.008562,0.046798,0.070821,0.008643,0.047536,0.070829,0.008506,0.047861,0.070787,0.008189,0.043889,0.069385,0.007614,0.044091,0.06948,0.008091,0.044816,0.069596,0.008551,0.045871,0.069701,0.00887,0.046971,0.069767,0.008964,0.047823,0.069777,0.008806,0.048198,0.069728,0.00844,0.044226,0.068326,0.007865,0.044401,0.068409,0.008278,0.04503,0.068509,0.008676,0.045942,0.0686,0.008952,0.046896,0.068657,0.009033,0.047633,0.068666,0.008897,0.047958,0.068624,0.00858,0.045051,0.067597,0.008159,0.045152,0.067645,0.008397,0.045515,0.067702,0.008627,0.046042,0.067755,0.008787,0.046592,0.067788,0.008833,0.047018,0.067793,0.008755,0.047205,0.067769,0.008572,0.046141,0.067393,0.008417],
  "indices" : [0,1,2,0,3,1,0,4,3,0,5,4,0,6,5,0,7,6,1,8,2,9,2,8,3,10,1,8,1,10,4,11,3,10,3,11,5,12,4,11,4,12,6,13,5,12,5,13,7,14,6,13,6,14,8,15,9,16,9,15,10,17,8,15,8,17,11,18,10,17,10,18,12,19,11,18,11,19,13,20,12,19,12,20,14,21,13,20,13,21,15,22,16,23,16,22,17,24,15,22,15,24,18,25,17,24,17,25,19,26,18,25,18,26,20,27,19,26,19,27,21,28,20,27,20,28,22,29,23,30,23,29,24,31,22,29,22,31,25,32,24,31,24,32,26,33,25,32,25,33,27,34,26,33,26,34,28,35,27,34,27,35,29,36,30,31,36,29,32,36,31,33,36,32,34,36,33,35,36,34,35,28,21,35,21,14,35,14,7,0,35,7,35,0,2,35,2,9,35,9,16,35,16,23,35,23,30,35,30,36,37,38,39,38,40,39,40,41,39,41,42,39,42,43,39,43,44,39,37,45,38,46,38,45,38,46,40,47,40,46,40,47,41,48,41,47,41,48,42,49,42,48,42,49,43,50,43,49,43,50,44,51,44,50,45,52,46,53,46,52,46,53,47,54,47,53,47,54,48,55,48,54,48,55,49,56,49,55,49,56,50,57,50,56,50,57,51,58,51,57,52,59,53,60,53,59,53,60,54,61,54,60,54,61,55,62,55,61,55,62,56,63,56,62,56,63,57,64,57,63,57,64,58,65,58,64,59,66,60,67,60,66,60,67,61,68,61,67,61,68,62,69,62,68,62,69,63,70,63,69,63,70,64,71,64,70,64,71,65,72,65,71,66,73,67,67,73,68,68,73,69,69,73,70,70,73,71,71,73,72,73,66,59,73,59,52,73,52,45,73,45,37,73,37,39,73,39,44,73,44,51,73,51,58,73,58,65,73,65,72],
  "Ni" : 1.00000,
  "Ka" : [0.00000,0.00000,0.00000],
  "d" : 1.00000,
  "Kd" : [0.00448,0.00448,0.00448],
  "illum" : 2,
  "Ks" : [1.00000,1.00000,1.00000],
  "Ns" : 96.07843
}