{
  "alias" : "Mesh_Mesh_DarkGreen",
  "vertices" : [0.04662,0.070774,-0.0085,0.046946,0.068199,-0.008848,0.044242,0.070277,-0.00793,0.044662,0.068154,-0.008397,0.049042,0.071063,-0.008548,0.04923,0.06875,-0.009,0.05038,0.070013,-0.007964,0.050606,0.071112,-0.007521,0.050983,0.071063,-0.007082,0.050986,0.071135,-0.00702,0.043731,0.068449,-0.007365,0.043188,0.069825,-0.00669,0.043072,0.069609,-0.006041,0.043054,0.069691,-0.006005,0.044242,0.070277,0.007932,0.044662,0.068154,0.008399,0.046619,0.070774,0.008503,0.046945,0.068199,0.008851,0.049042,0.071062,0.008551,0.04923,0.068749,0.009002,0.050606,0.071112,0.007524,0.05038,0.070013,0.007967,0.050983,0.071063,0.007085,0.050986,0.071135,0.007023,0.043188,0.069824,0.006692,0.04373,0.068449,0.007368,0.043071,0.069609,0.006043,0.043054,0.069691,0.006007,0.046949,0.068086,-0.008988,0.049334,0.06864,-0.009127,0.050534,0.06992,-0.008022,0.051151,0.070992,-0.007094,0.044605,0.068029,-0.008514,0.043618,0.068321,-0.007373,0.042978,0.069516,-0.006108,0.049334,0.06864,0.00913,0.046949,0.068086,0.008991,0.050534,0.06992,0.008025,0.05115,0.070992,0.007096,0.044604,0.068029,0.008517,0.043617,0.068321,0.007376,0.042978,0.069516,0.00611],
  "indices" : [0,1,2,3,2,1,0,4,5,1,0,5,6,5,7,4,7,5,6,7,8,9,8,7,3,10,2,11,2,10,12,13,10,11,10,13,14,15,16,17,16,15,16,17,18,19,18,17,20,18,21,19,21,18,22,23,21,20,21,23,14,24,15,25,15,24,25,24,26,27,26,24,28,1,29,5,29,1,29,5,30,6,30,5,30,6,31,8,31,6,32,3,28,1,28,3,33,10,32,3,32,10,34,12,33,10,33,12,35,19,36,17,36,19,37,21,35,19,35,21,38,22,37,21,37,22,36,17,39,15,39,17,39,15,40,25,40,15,40,25,41,26,41,25],
  "Ni" : 1.00000,
  "Ka" : [0.00000,0.00000,0.00000],
  "d" : 1.00000,
  "Kd" : [0.00610,0.02648,0.00000],
  "illum" : 2,
  "Ks" : [0.89804,0.89804,0.89804],
  "Ns" : 96.07843
}