{
  "alias" : "Cube.001_Cube.001_Material.005",
  "vertices" : [-0.643106,0.717687,5.338305,-1.317423,0.717687,5.983841,-1.03763,0.717687,5.71599,-0.607157,0.784538,5.375857,-1.281473,0.784538,6.021394,-1.00168,0.784538,5.753542,-0.605819,0.675756,5.377254,-1.280136,0.675756,6.02279,-1.000343,0.675756,5.754939,-0.56987,0.742607,5.414807,-1.244186,0.742607,6.060343,-0.964393,0.742607,5.792492,-1.359392,0.717687,6.024019,-1.323442,0.784538,6.061571,-1.322105,0.675756,6.062968,-1.286155,0.742607,6.100521,-0.601137,0.717687,5.298127,-0.565188,0.784538,5.33568,-0.56385,0.675756,5.337077,-0.527901,0.742607,5.374629,-0.656968,-0.077353,5.351575,-1.331284,-0.077353,5.99711,-0.656968,0.697317,5.351575,-1.331284,0.697317,5.99711,-0.656968,0.309982,5.351575,-1.051491,0.697317,5.729259,-1.331284,0.309982,5.99711,-1.051491,-0.077353,5.729259,-1.051491,0.309982,5.729259,-1.373253,0.697317,6.037288,-0.614999,0.697317,5.311397,-0.518086,0.66018,4.892575,-1.178808,0.717687,4.778719,-1.853125,0.717687,5.424255,-0.910957,1.018899,5.058512,-1.573332,0.717687,5.156404,-1.585274,1.018899,5.704048,-1.214758,0.784538,4.741167,-1.889075,0.784538,5.386703,-0.910957,1.08575,5.058512,-1.609282,0.784538,5.118852,-1.585274,1.08575,5.704048,-1.305481,1.08575,5.436197,-1.216095,0.675756,4.73977,-1.890412,0.675756,5.385306,-1.610619,0.675756,5.117455,-1.252045,0.742607,4.702217,-1.926362,0.742607,5.347753,-1.646569,0.742607,5.079902,-1.895094,0.717687,5.464433,-1.627243,1.018899,5.744226,-1.931044,0.784538,5.42688,-1.627243,1.08575,5.744226,-1.932381,0.675756,5.425483,-1.968331,0.742607,5.387931,-1.136839,0.717687,4.738542,-0.868988,1.018899,5.018334,-1.172789,0.784538,4.700989,-0.868988,1.08575,5.018334,-1.174126,0.675756,4.699592,-1.210076,0.742607,4.66204,-1.19267,-0.077353,4.791989,-1.866986,-0.077353,5.437525,-1.19267,0.697317,4.791989,-1.866986,0.697317,5.437525,-0.924819,0.998529,5.071782,-1.19267,0.309982,4.791989,-0.924819,-0.077353,5.071782,-1.587193,0.697317,5.169674,-1.866986,0.309982,5.437525,-1.587193,-0.077353,5.169674,-1.599135,0.998529,5.717318,-1.599135,-0.077353,5.717318,-0.924819,0.309982,5.071782,-1.587193,0.309982,5.169674,-1.599135,0.309982,5.717318,-1.319342,-0.077353,5.449467,-1.908955,0.697317,5.477703,-1.641104,0.998529,5.757495,-1.150701,0.697317,4.751811,-0.88285,0.998529,5.031604,-0.728053,0.66018,4.673247],
  "indices" : [73,24,20,28,26,21,76,67,20,65,22,73,24,28,27,22,25,28,25,23,26,26,75,21,23,71,26,72,76,27,71,23,78,22,65,30,73,67,61,74,70,69,76,70,61,65,73,63,66,61,74,63,66,68,68,74,64,69,62,75,64,69,71,72,62,70,71,78,77,63,79,80,67,73,20,27,28,21,27,76,20,22,24,73,20,24,27,24,22,28,28,25,26,75,72,21,71,75,26,21,72,27,23,29,78,65,80,30,66,73,61,70,62,69,67,76,61,73,66,63,61,70,74,66,74,68,74,69,64,62,72,75,69,75,71,76,72,70,64,71,77,65,63,80],
  "Ni" : 1.00000,
  "Ka" : [0.00000,0.00000,0.00000],
  "d" : 1.00000,
  "Kd" : [0.55855,0.32507,0.15636],
  "illum" : 2,
  "Ks" : [0.50000,0.50000,0.50000],
  "Ns" : 96.07843
}