{
  "alias" : "Plane.001_Plane.001_Material.002",
  "vertices" : [10.0,0.001,10.0,-10.0,0.001,10.0,10.0,0.001,-10.0,-10.0,0.001,-10.0],
  "indices" : [1,0,2,3,1,2],
  "Ni" : 1.00000,
  "Ka" : [0.00000,0.00000,0.00000],
  "d" : 1.00000,
  "Kd" : [0.08854,0.18641,0.00966],
  "illum" : 2,
  "Ks" : [0.17832,0.17832,0.17832],
  "Ns" : 96.07843
}