{
  "alias" : "Plane_Plane_None",
  "vertices" : [8.0,0.0,8.0,-8.0,0.0,8.0,8.0,0.0,-8.0,-8.0,0.0,-8.0,7.142857,0.0,8.0,4.285714,0.0,8.0,1.428571,0.0,8.0,-1.428572,0.0,8.0,-4.285715,0.0,8.0,-7.142858,0.0,8.0,7.142857,0.0,-8.0,4.285714,0.0,-8.0,1.428571,0.0,-8.0,-1.428572,0.0,-8.0,-4.285715,0.0,-8.0,-7.142858,0.0,-8.0,8.0,0.0,7.142857,8.0,0.0,4.285714,8.0,0.0,1.428571,8.0,0.0,-1.428572,8.0,0.0,-4.285715,8.0,0.0,-7.142858,-8.0,0.0,-7.142857,-8.0,0.0,-4.285714,-8.0,0.0,-1.428571,-8.0,0.0,1.428572,-8.0,0.0,4.285715,-8.0,0.0,7.142858,-7.142858,0.0,7.142857,-7.142858,0.0,4.285714,-7.142858,0.0,1.428571,-7.142858,0.0,-1.428572,-7.142858,0.0,-4.285715,-7.142858,0.0,-7.142858,-4.285715,0.0,7.142857,-4.285715,0.0,-7.142858,-1.428572,0.0,7.142857,-1.428572,0.0,-7.142858,1.428571,0.0,7.142857,1.428571,0.0,-7.142858,4.285714,0.0,7.142857,4.285714,0.0,-7.142858,7.142857,0.0,7.142857,7.142857,0.0,4.285714,7.142857,0.0,1.428571,7.142857,0.0,-1.428572,7.142857,0.0,-4.285715,7.142857,0.0,-7.142858],
  "indices" : [47,21,2,22,33,15,33,35,14,35,37,13,37,39,12,39,41,11,41,47,10,1,9,28,27,28,29,26,29,30,25,30,31,24,31,32,23,32,33,9,8,34,8,7,36,7,6,38,6,5,40,5,4,42,4,0,16,42,16,17,43,17,18,44,18,19,45,19,20,46,20,21,10,47,2,3,22,15,15,33,14,14,35,13,13,37,12,12,39,11,11,41,10,27,1,28,26,27,29,25,26,30,24,25,31,23,24,32,22,23,33,28,9,34,34,8,36,36,7,38,38,6,40,40,5,42,42,4,16,43,42,17,44,43,18,45,44,19,46,45,20,47,46,21],
  "Ka" : [0.00000,0.00000,0.00000],
  "d" : 1.00000,
  "Kd" : [0.80000,0.80000,0.80000],
  "illum" : 2,
  "Ks" : [0.80000,0.80000,0.80000],
  "Ns" : 0.00000
}