{
  "alias" : "Icosphere_Icosphere_None",
  "vertices" : [0.0,0.391196,0.0,0.117082,0.480638,0.085064,-0.04472,0.480638,0.137638,-0.144721,0.480639,0.0,-0.04472,0.480638,-0.137638,0.117082,0.480638,-0.085064,0.04472,0.625361,0.137638,-0.117082,0.625361,0.085064,-0.117082,0.625361,-0.085064,0.04472,0.625361,-0.137638,0.144721,0.62536,0.0,0.0,0.714803,0.0,0.068819,0.415361,0.049999,0.042533,0.467934,0.130901,-0.026286,0.415361,0.080901,0.068819,0.415361,-0.049999,0.137637,0.467934,0.0,-0.111351,0.467934,0.080901,-0.085065,0.415362,0.0,-0.111351,0.467934,-0.080901,-0.026286,0.415361,-0.080901,0.042533,0.467934,-0.130901,0.153884,0.553,-0.049999,0.153884,0.553,0.049999,0.095106,0.553,0.130901,0.0,0.553,0.161803,-0.095106,0.553,0.130901,-0.153884,0.553,0.049999,-0.153884,0.553,-0.049999,-0.095106,0.553,-0.130901,0.0,0.553,-0.161803,0.095106,0.553,-0.130901,0.111351,0.638065,0.080901,-0.042533,0.638066,0.130901,-0.137637,0.638065,0.0,-0.042533,0.638066,-0.130901,0.111351,0.638065,-0.080901,0.085065,0.690638,0.0,0.026286,0.690638,0.080901,-0.068819,0.690638,0.049999,-0.068819,0.690638,-0.049999,0.026286,0.690638,-0.080901],
  "indices" : [0,12,14,1,12,16,0,14,18,0,18,20,0,20,15,1,16,23,2,13,25,3,17,27,4,19,29,5,21,31,1,23,24,2,25,26,3,27,28,4,29,30,5,31,22,6,32,38,7,33,39,8,34,40,9,35,41,10,36,37,14,13,2,14,12,13,12,1,13,16,15,5,16,12,15,12,0,15,18,17,3,18,14,17,14,2,17,20,19,4,20,18,19,18,3,19,15,21,5,15,20,21,20,4,21,23,22,10,23,16,22,16,5,22,25,24,6,25,13,24,13,1,24,27,26,7,27,17,26,17,2,26,29,28,8,29,19,28,19,3,28,31,30,9,31,21,30,21,4,30,24,32,6,24,23,32,23,10,32,26,33,7,26,25,33,25,6,33,28,34,8,28,27,34,27,7,34,30,35,9,30,29,35,29,8,35,22,36,10,22,31,36,31,9,36,38,37,11,38,32,37,32,10,37,39,38,11,39,33,38,33,6,38,40,39,11,40,34,39,34,7,39,41,40,11,41,35,40,35,8,40,37,41,11,37,36,41,36,9,41],
  "Ka" : [0.00000,0.00000,0.00000],
  "d" : 1.00000,
  "Kd" : [0.80000,0.1,0.80000],
  "illum" : 2,
  "Ks" : [0.80000,0.80000,0.80000],
  "Ns" : 10
}