{
  "alias" : "Sphere.001_Sphere.002_Aviao_Sphere.001_Sphere.002_Aviao_Red",
  "vertices" : [0.34095,0.070994,0.07544,0.34095,0.070994,0.07544,0.34054,0.072094,0.077001,0.34054,0.072094,0.077001,0.340041,0.073876,0.076371,0.340041,0.073876,0.076371,0.340142,0.073876,0.074419,0.340704,0.072094,0.073844,0.340698,0.072107,0.073885,0.340704,0.072094,0.073844,0.340142,0.073876,0.074419,0.340129,0.071923,0.073814,0.340374,0.070822,0.07541,0.340122,0.071937,0.073858,0.340374,0.070822,0.07541,0.339964,0.071923,0.076972,0.339964,0.071923,0.076972,0.339466,0.073704,0.076341,0.339466,0.073704,0.076341,0.339567,0.073704,0.074389,0.340129,0.071923,0.073814,0.339567,0.073704,0.074389,0.340538,0.072107,0.07696,0.340937,0.071035,0.075439,0.340052,0.073842,0.076346,0.340151,0.073842,0.074445,0.339963,0.071937,0.076927,0.339478,0.073668,0.076314,0.339576,0.073668,0.074417,0.340361,0.070867,0.075409],
  "indices" : [0,1,2,3,2,4,5,4,6,1,7,8,9,7,1,10,6,7,11,12,13,12,14,15,16,15,17,18,17,19,11,20,14,21,19,20,14,0,15,20,9,14,19,10,20,15,3,17,17,5,10,22,23,24,7,6,25,6,4,24,4,2,22,2,1,23,26,27,28,21,11,28,16,18,26,12,16,26,18,21,27,3,0,2,5,3,4,10,5,6,23,1,8,0,9,1,9,10,7,12,29,13,16,12,15,18,16,17,21,18,19,12,11,14,11,21,20,0,3,15,9,0,14,10,9,20,3,5,17,19,17,10,23,8,25,24,23,25,8,7,25,25,6,24,24,4,22,22,2,23,29,26,13,26,28,13,11,13,28,18,27,26,29,12,26,21,28,27],
  "Ni" : 1.00000,
  "Ka" : [0.00000,0.00000,0.00000],
  "d" : 1.00000,
  "Kd" : [0.64000,0.00000,0.00000],
  "illum" : 2,
  "Ks" : [1.00000,1.00000,1.00000],
  "Ns" : 96.07843
}