{
  "alias" : "Cylinder_Cylinder.002_Aviao_Cylinder_Cylinder.002_Aviao_Red",
  "vertices" : [0.281408,0.009794,0.123048,0.281362,0.009794,0.123927,0.281377,0.009355,0.123928,0.281423,0.009355,0.123049,0.281352,0.008921,0.123046,0.281306,0.008921,0.123925,0.281152,0.008509,0.123917,0.281198,0.008509,0.123038,0.280921,0.008135,0.123904,0.280966,0.008135,0.123026,0.280621,0.007814,0.123889,0.280667,0.007814,0.12301,0.280264,0.007557,0.12387,0.28031,0.007557,0.122992,0.27991,0.007375,0.122971,0.279865,0.007375,0.12385,0.279483,0.007274,0.122949,0.279437,0.007274,0.123827,0.279044,0.007259,0.122926,0.278998,0.007259,0.123805,0.278565,0.00733,0.123782,0.27861,0.00733,0.122903,0.278199,0.007484,0.122882,0.278153,0.007484,0.12376,0.277826,0.007716,0.122862,0.27778,0.007716,0.123741,0.277505,0.008016,0.122846,0.277459,0.008016,0.123724,0.277202,0.008373,0.123711,0.277248,0.008373,0.122832,0.27702,0.008774,0.123702,0.277066,0.008774,0.122823,0.276966,0.009202,0.122818,0.27692,0.009202,0.123697,0.276905,0.009641,0.123696,0.276951,0.009641,0.122817,0.277022,0.010075,0.122821,0.276976,0.010075,0.1237,0.277176,0.010487,0.122829,0.27713,0.010487,0.123707,0.277361,0.010861,0.123719,0.277407,0.010861,0.122841,0.277661,0.011183,0.123735,0.277707,0.011183,0.122856,0.278063,0.011439,0.122875,0.278018,0.011439,0.123753,0.278463,0.011621,0.122896,0.278418,0.011621,0.123774,0.278891,0.011722,0.122918,0.278845,0.011722,0.123797,0.27933,0.011737,0.122941,0.279284,0.011737,0.12382,0.279717,0.011666,0.123842,0.279763,0.011666,0.122963,0.280174,0.011512,0.122985,0.280129,0.011512,0.123863,0.280502,0.01128,0.123883,0.280548,0.01128,0.123004,0.280823,0.01098,0.123899,0.280869,0.01098,0.123021,0.281125,0.010623,0.123034,0.281307,0.010223,0.123043,0.281261,0.010223,0.123922,0.281079,0.010623,0.123913],
  "indices" : [0,1,2,3,2,4,4,5,6,7,6,8,9,8,10,11,10,12,13,12,14,14,15,16,16,17,18,18,19,20,21,20,22,22,23,24,24,25,26,26,27,28,29,28,30,31,30,32,32,33,34,35,34,36,36,37,38,38,39,40,41,40,42,43,42,44,44,45,46,46,47,48,48,49,50,50,51,52,53,52,54,54,55,56,57,56,58,59,58,60,2,1,5,62,0,61,60,63,62,0,3,61,3,0,2,2,5,4,7,4,6,9,7,8,11,9,10,13,11,12,12,15,14,15,17,16,17,19,18,21,18,20,20,23,22,23,25,24,25,27,26,29,26,28,31,29,30,30,33,32,35,32,34,34,37,36,37,39,38,41,38,40,43,41,42,42,45,44,45,47,46,47,49,48,49,51,50,53,50,52,52,55,54,57,54,56,59,57,58,58,63,60,1,62,5,62,63,5,63,58,5,58,56,5,56,55,5,55,52,5,52,51,5,51,49,5,49,47,5,47,45,5,45,42,5,5,8,6,5,42,8,34,39,37,8,12,10,8,42,12,27,30,28,30,34,33,27,34,30,27,39,34,12,17,15,12,42,17,19,23,20,17,23,19,17,42,23,25,39,27,23,39,25,42,40,23,40,39,23,1,0,62,61,60,62,3,4,61,4,7,61,7,9,61,9,11,61,11,13,61,13,14,61,14,16,61,16,18,61,18,21,61,21,22,61,22,24,61,24,26,61,26,29,61,29,31,61,31,32,61,32,35,61,35,36,61,36,38,61,38,41,61,41,43,61,43,44,61,44,46,61,46,48,61,48,50,61,50,53,61,53,54,61,54,57,61,57,59,61,59,60,61],
  "Ni" : 1.00000,
  "Ka" : [0.00000,0.00000,0.00000],
  "d" : 1.00000,
  "Kd" : [0.64000,0.00000,0.00000],
  "illum" : 2,
  "Ks" : [1.00000,1.00000,1.00000],
  "Ns" : 96.07843
}