{
  "alias" : "Plane.001_Plane.001_Material.002",
  "vertices" : [30.0,-0.0371,30.0,-30.0,-0.0371,30.0,30.0,-0.0371,-30.0,-30.0,-0.0371,-30.0],
  "indices" : [1,0,2,3,1,2],
  "Ni" : 1.00000,
  "Ka" : [0.00000,0.00000,0.00000],
  "d" : 1.00000,
  "Kd" : [0.02629,0.04398,0.00524],
  "illum" : 1,
  "Ks" : [0.00000,0.00000,0.00000],
  "Ns" : 96.07843
}