{
  "alias" : "Cube.002_Cube.003_stone",
  "vertices" : [-1.910622,0.021942,10.017333,-4.170665,0.021942,13.261104,-6.63933,0.021942,11.541102,-4.379287,0.021942,8.297332,-1.910622,0.071691,10.017333,-4.170665,0.071691,13.261104,-6.63933,0.071691,11.541102,-4.379287,0.071691,8.297332,-2.437903,0.071691,10.187243,-4.193927,0.071691,12.707611,-6.112049,0.071691,11.371192,-4.356024,0.071691,8.850824],
  "indices" : [4,5,1,5,6,1,6,7,2,7,4,0,5,4,8,6,5,9,4,7,11,7,6,10,0,4,1,6,2,1,7,3,2,3,7,0,9,5,8,10,6,9,8,4,11,11,7,10],
  "Ni" : 1.00000,
  "Ka" : [0.00000,0.00000,0.00000],
  "d" : 1.00000,
  "Kd" : [0.11392,0.11392,0.11392],
  "illum" : 1,
  "Ks" : [0.00000,0.00000,0.00000],
  "Ns" : 96.07843
}