{
  "alias" : "Cube.003_Cube.004_door",
  "vertices" : [-3.950276,0.013843,8.809829,-4.011628,1.252955,8.897885,-3.596485,1.252955,9.18713,-3.535133,0.013843,9.099073,-3.972491,0.839918,8.88444,-3.95116,0.42688,8.853825,-3.597429,0.839918,9.145759,-3.576098,0.42688,9.115143,-3.942109,0.01508,8.798107,-4.003461,1.254192,8.886164,-3.588318,1.254192,9.175407,-3.526966,0.01508,9.087351,-3.964324,0.841155,8.872718,-3.942993,0.428118,8.842103,-3.589262,0.841155,9.134036,-3.567931,0.428118,9.103421],
  "indices" : [14,12,9,15,13,14,13,15,11,7,3,15,14,10,2,1,2,9,13,8,5,5,4,13,8,11,3,4,1,9,15,14,7,10,14,9,13,12,14,8,13,11,3,11,15,6,14,2,2,10,9,8,0,5,4,12,13,0,8,3,12,4,9,14,6,7],
  "Ni" : 1.00000,
  "Ka" : [0.00000,0.00000,0.00000],
  "d" : 1.00000,
  "Kd" : [0.16152,0.09995,0.03171],
  "illum" : 1,
  "Ks" : [0.00000,0.00000,0.00000],
  "Ns" : 96.07843
}