{
  "alias" : "Plane.002_Plane.002_Material.005",
  "vertices" : [-4.353708,0.065352,8.528767,-2.136587,0.065352,10.073508,-4.353708,2.014175,8.528767,-2.136587,2.014175,10.073508,-6.413364,0.065352,11.484927,-4.196243,0.065352,13.029669,-6.413364,2.014176,11.484927,-4.196243,2.014176,13.029669,-4.349406,1.683385,8.65173,-4.200545,1.683385,12.906706,-6.296524,1.683385,11.446367,-2.253428,1.683385,10.112068,-6.29541,1.15985,11.446,-4.349365,1.15985,8.652902,-4.200586,1.15985,12.905534,-2.254542,1.15985,10.112435,-3.245148,0.065352,9.301137,-3.118487,3.815639,9.119346,-3.301953,1.15985,9.382668,-3.301417,1.683385,9.381899,-5.247998,1.15985,12.175767,-5.248535,1.683385,12.176537,-5.304804,0.065352,12.257298,-5.431464,3.815639,12.43909],
  "indices" : [18,15,16,14,5,1,20,12,4,23,6,10,12,10,13,4,12,0,17,3,19,9,14,15,19,11,15,7,9,11,21,10,20,10,6,8,13,18,16,2,17,19,8,19,13,7,23,9,14,20,5,9,21,20,15,1,16,15,14,1,22,20,4,21,23,10,10,8,13,12,13,0,3,11,19,11,9,15,18,19,15,3,7,11,10,12,20,6,2,8,0,13,16,8,2,19,19,18,13,23,21,9,20,22,5,14,9,20],
  "Ni" : 1.00000,
  "Ka" : [0.00000,0.00000,0.00000],
  "d" : 1.00000,
  "Kd" : [0.42217,0.28008,0.16287],
  "illum" : 1,
  "Ks" : [0.00000,0.00000,0.00000],
  "Ns" : 96.07843
}