{
  "alias" : "Plane.003_Plane.003_Roof",
  "vertices" : [-6.577381,1.946619,11.781166,-6.126895,2.520493,12.10542,-3.672399,2.520493,8.582558,-6.915136,1.936544,11.510918,-4.503143,1.936544,8.049058,-6.574607,1.929289,11.747867,-4.162904,1.929289,8.286423,-6.315276,2.722565,11.939107,-3.89367,2.722565,8.463451,-3.688844,2.520493,8.606161,-6.11045,2.520493,12.081817,-6.317362,2.708399,11.972715,-3.862866,2.708399,8.449852,-6.908109,1.913962,11.515504,-4.496406,1.913962,8.054061,-4.132627,1.946619,8.272286,-4.149007,1.946619,8.295795,-6.561,1.946619,11.757656,-6.90669,1.93725,11.551724,-4.461937,1.93725,8.042846,-3.042709,4.121891,9.010584,-5.507242,4.121891,12.547852,-4.417324,1.946619,13.286149,-3.042709,3.730752,9.010584,-5.507242,3.730752,12.547852,-4.877553,2.520493,12.975878,-2.423057,2.520493,9.453015,-4.046809,1.936544,13.509377,-1.634815,1.936544,10.047518,-3.059222,4.151379,9.034283,-5.490729,4.151379,12.524152,-4.387048,1.929289,13.272012,-1.975345,1.929289,9.810569,-3.059222,3.730752,9.034283,-5.49073,3.730752,12.524152,-4.656281,2.722565,13.094984,-2.234676,2.722565,9.619328,-2.439502,2.520493,9.476619,-4.861108,2.520493,12.952274,-4.687086,2.708399,13.108583,-2.232589,2.708399,9.58572,-4.053545,1.913962,13.504374,-1.641842,1.913962,10.042931,-1.972571,1.946619,9.777269,-1.988951,1.946619,9.800779,-4.400944,1.946619,13.262639,-4.088015,1.93725,13.51559,-1.643261,1.93725,10.006711],
  "indices" : [10,34,1,19,12,15,7,30,8,2,23,33,9,33,34,13,14,6,15,2,9,16,9,10,3,4,13,12,20,23,21,11,1,11,21,30,8,29,12,6,16,17,18,13,0,5,17,0,18,3,13,4,8,12,11,18,1,3,7,4,18,11,3,17,10,0,4,19,14,15,16,6,14,19,6,38,25,24,47,43,40,35,36,29,26,37,23,37,38,33,41,31,42,43,44,26,44,45,37,27,41,42,40,26,23,21,24,25,39,35,21,36,40,20,32,31,44,46,22,41,31,22,45,46,41,27,28,47,36,39,25,46,27,28,36,46,27,35,45,22,25,28,42,47,43,32,44,42,32,47,34,24,1,12,2,15,30,29,8,9,2,33,10,9,34,5,13,6,16,15,9,17,16,10,4,14,13,2,12,23,24,21,1,7,11,30,29,20,12,5,6,17,13,5,0,19,4,12,18,0,1,7,8,4,11,7,3,10,1,0,19,15,6,34,38,24,43,26,40,30,35,29,37,33,23,38,34,33,31,32,42,44,37,26,45,38,37,28,27,42,20,40,23,39,21,25,35,30,21,29,36,20,31,45,44,22,31,41,47,40,36,25,22,46,35,27,36,39,46,35,38,45,25,32,43,47],
  "Ni" : 1.00000,
  "Ka" : [0.00000,0.00000,0.00000],
  "d" : 1.00000,
  "Kd" : [0.02648,0.02648,0.02648],
  "illum" : 2,
  "Ks" : [0.08042,0.08042,0.08042],
  "Ns" : 96.07843
}