{
  "alias" : "Cube.005_Cube.006_Chimney",
  "vertices" : [-4.702084,2.986243,10.25362,-4.915982,2.986243,10.560621,-5.222984,2.53543,10.346724,-5.009086,2.53543,10.039722,-4.685135,3.483488,10.25059,-4.912953,3.483488,10.577571,-5.239933,3.483488,10.349753,-5.012115,3.483488,10.022773,-5.324084,3.483488,10.364794,-5.027156,3.483488,9.938622,-4.895992,3.700027,10.672465,-5.029076,3.700027,9.927878,-4.920439,3.389701,10.535688,-4.727017,3.389701,10.258077,-4.897912,3.483488,10.661722,-4.600984,3.483488,10.23555,-5.353651,3.493965,10.370078,-4.892627,3.493965,10.691289,-5.032441,3.493965,9.909055,-4.571417,3.493965,10.230266,-4.59024,3.700027,10.233629,-5.334828,3.700027,10.366714,-5.032441,3.685602,9.909055,-5.353651,3.685602,10.370078,-4.571417,3.685602,10.230266,-4.892627,3.685602,10.691289,-5.19805,3.389624,10.342267,-5.004629,3.389624,10.064655,-4.736496,3.320678,10.25977,-5.002935,3.319847,10.074134,-5.188572,3.319847,10.340573,-4.922133,3.320678,10.52621,-4.915071,3.688713,10.56572,-4.696986,3.688713,10.252709,-4.915071,3.581195,10.56572,-5.009997,3.581195,10.034624,-4.696986,3.581195,10.252709,-5.228082,3.581195,10.347634,-4.686065,3.700027,10.250757,-4.913119,3.700027,10.576641,-5.239003,3.700027,10.349586,-5.011949,3.700027,10.023703,-5.009997,3.688713,10.034624,-5.228082,3.688713,10.347634],
  "indices" : [28,31,1,31,30,2,30,29,2,29,28,0,15,14,5,16,18,8,25,23,17,22,24,19,24,25,17,18,19,9,14,8,6,17,16,8,23,22,16,8,9,7,19,17,14,9,15,4,10,21,25,11,20,24,21,11,22,20,10,24,39,38,32,6,7,27,7,4,13,27,13,28,13,12,31,5,6,26,12,26,30,4,5,13,26,27,30,35,37,34,42,43,37,10,20,38,11,21,40,21,10,39,20,11,41,33,42,36,32,33,34,43,32,34,40,39,32,41,40,43,38,41,33,0,28,1,1,31,2,29,3,2,3,29,0,4,15,5,18,9,8,23,16,17,18,22,19,19,24,17,19,15,9,5,14,6,14,17,8,22,18,16,6,8,7,15,19,14,7,9,4,21,23,25,22,11,24,23,21,22,10,25,24,38,33,32,26,6,27,27,7,13,29,27,28,28,13,31,12,5,26,31,12,30,5,12,13,27,29,30,36,35,34,35,42,37,39,10,38,41,11,40,40,21,39,38,20,41,42,35,36,33,36,34,37,43,34,43,40,32,42,41,43,41,42,33],
  "Ni" : 1.00000,
  "Ka" : [0.00000,0.00000,0.00000],
  "d" : 1.00000,
  "Kd" : [0.16152,0.00000,0.00000],
  "illum" : 2,
  "Ks" : [0.50000,0.50000,0.50000],
  "Ns" : 96.07843
}