{
  "alias" : "Cube.004_Cube.005_window",
  "vertices" : [-3.083877,0.635291,9.474739,-2.612673,0.635291,9.803043,-3.109299,1.207863,9.511228,-2.638096,1.207863,9.839531,-3.080998,0.635682,9.470607,-2.609794,0.635682,9.79891,-3.10642,1.208254,9.507094,-2.635216,1.208254,9.835398],
  "indices" : [6,7,5,0,2,4,4,5,1,2,3,6,3,1,5,4,6,5,2,6,4,0,4,1,3,7,6,7,3,5],
  "Ni" : 1.00000,
  "Ka" : [0.00000,0.00000,0.00000],
  "d" : 1.00000,
  "Kd" : [0.80000,0.76821,0.70166],
  "illum" : 2,
  "Ks" : [1.00000,1.00000,1.00000],
  "Ns" : 96.07843
}