{
  "alias" : "Cylinder.001_Cylinder.001_Logs",
  "vertices" : [-3.017759,4.160614,8.988647,-5.570042,4.1211,12.534404,-5.592862,4.04038,12.518504,-3.075784,3.955361,8.948219,-2.959733,3.955361,9.029077,-5.511321,4.160614,12.567581,-3.075784,4.125398,8.948219,-5.569346,4.125398,12.527152,-3.099819,4.04038,8.931473,-5.593382,4.04038,12.510406,-5.569346,3.955361,12.527152,-3.017759,3.920145,8.988647,-5.511321,3.920145,12.567581,-5.453295,3.955361,12.608009,-2.935698,4.04038,9.045822,-5.42926,4.04038,12.624756,-2.959733,4.125398,9.029077,-5.453295,4.125398,12.608009,-5.514949,4.154536,12.572788,-3.01413,4.154536,8.98344,-3.069223,4.1211,8.945055,-3.092043,4.04038,8.929155,-5.570042,3.959658,12.534404,-3.069223,3.959659,8.945055,-5.514949,3.926223,12.572788,-3.01413,3.926223,8.98344,-5.459857,3.959658,12.611174,-2.959038,3.959659,9.021825,-5.437037,4.04038,12.627073,-2.936218,4.04038,9.037724,-5.459857,4.1211,12.611174,-2.959038,4.1211,9.021825],
  "indices" : [1,7,2,7,6,9,15,14,16,20,19,21,4,11,25,11,3,25,2,9,10,12,11,4,8,6,21,13,4,14,10,3,12,24,12,26,5,0,7,17,16,0,30,17,5,18,5,1,26,22,24,26,13,15,16,14,31,22,10,12,14,4,27,0,16,19,6,0,19,3,8,21,28,15,30,9,8,10,7,9,2,6,8,9,17,15,16,19,31,21,31,29,21,29,27,21,27,25,23,21,27,23,27,4,25,3,23,25,22,2,10,13,12,4,6,20,21,15,13,14,3,11,12,12,13,26,0,6,7,5,17,0,18,30,5,5,7,1,26,2,22,28,2,26,1,2,28,18,1,28,30,18,28,28,26,15,14,29,31,24,22,12,29,14,27,16,31,19,20,6,19,23,3,21,15,17,30,8,3,10],
  "Ni" : 1.00000,
  "Ka" : [0.00000,0.00000,0.00000],
  "d" : 1.00000,
  "Kd" : [0.09195,0.02943,0.01022],
  "illum" : 1,
  "Ks" : [0.00000,0.00000,0.00000],
  "Ns" : 96.07843
}